ticket_id,opened_at,channel,topic,resolution_hours,csat
97,2025-10-01,Phone,Delivery,1.1,5
950,2025-10-01,Phone,Delivery,18.8,3
1071,2025-10-01,WhatsApp,Delivery,8.6,2
1362,2025-10-01,WhatsApp,Delivery,12.8,4
632,2025-10-01,WhatsApp,Delivery,11.2,4
354,2025-10-01,Email,Delivery,13.1,3
715,2025-10-02,Phone,Product,23.5,4
1044,2025-10-02,Phone,Return,18.5,5
56,2025-10-02,Email,Product,34.5,4
791,2025-10-02,Email,Invoice,16.7,5
28,2025-10-02,WhatsApp,Delivery,13.9,5
1049,2025-10-03,WhatsApp,Invoice,10.6,5
426,2025-10-03,Email,Return,16.5,3
657,2025-10-04,Email,Delivery,5.3,5
881,2025-10-04,Email,Product,1.9,5
244,2025-10-05,Phone,Product,24.5,4
1064,2025-10-06,WhatsApp,Delivery,19.4,4
923,2025-10-06,WhatsApp,Delivery,5.7,3
1289,2025-10-07,WhatsApp,Product,20.3,2
660,2025-10-07,Email,Delivery,9.1,4
40,2025-10-08,WhatsApp,Return,8.3,5
197,2025-10-08,Email,Return,11.5,4
1353,2025-10-08,Email,Return,4.1,5
844,2025-10-09,Email,Delivery,11.3,5
842,2025-10-09,WhatsApp,Product,5.0,5
840,2025-10-09,WhatsApp,Return,10.5,4
935,2025-10-10,Email,Delivery,0.6,3
1445,2025-10-10,Email,Delivery,28.2,5
1149,2025-10-10,Phone,Product,21.5,4
1155,2025-10-11,Phone,Product,8.4,4
345,2025-10-11,Email,Return,4.0,4
193,2025-10-11,WhatsApp,Delivery,7.3,5
1393,2025-10-11,Email,Delivery,4.1,1
1376,2025-10-11,Phone,Delivery,33.7,4
1254,2025-10-12,Email,Delivery,15.7,5
754,2025-10-12,WhatsApp,Delivery,15.2,4
340,2025-10-12,WhatsApp,Delivery,2.0,5
516,2025-10-12,Email,Delivery,2.7,5
687,2025-10-12,Email,Product,17.7,5
579,2025-10-12,WhatsApp,Delivery,17.2,5
1121,2025-10-13,WhatsApp,Delivery,4.5,2
1046,2025-10-13,Email,Delivery,0.6,4
386,2025-10-13,WhatsApp,Delivery,13.5,3
1053,2025-10-13,WhatsApp,Return,5.9,4
513,2025-10-13,WhatsApp,Product,16.5,4
1048,2025-10-14,Email,Product,18.4,3
241,2025-10-14,Email,Invoice,24.7,5
234,2025-10-14,WhatsApp,Invoice,18.9,3
1206,2025-10-14,Email,Product,17.3,5
289,2025-10-15,WhatsApp,Invoice,11.1,5
1264,2025-10-15,Email,Delivery,5.8,5
1261,2025-10-15,Email,Return,12.2,5
643,2025-10-16,Email,Delivery,5.2,5
67,2025-10-16,Email,Delivery,13.9,4
260,2025-10-16,Email,Product,16.9,5
1257,2025-10-16,Email,Invoice,5.5,3
232,2025-10-17,WhatsApp,Invoice,26.1,5
35,2025-10-17,WhatsApp,Delivery,9.0,3
128,2025-10-17,Email,Product,13.9,4
1457,2025-10-17,WhatsApp,Invoice,9.0,4
1304,2025-10-17,WhatsApp,Return,5.3,4
313,2025-10-17,Email,Delivery,10.8,5
1291,2025-10-17,Phone,Product,31.6,4
634,2025-10-17,WhatsApp,Delivery,6.2,5
391,2025-10-18,Email,Delivery,14.2,5
973,2025-10-18,Email,Delivery,12.8,5
961,2025-10-18,WhatsApp,Product,18.0,4
1481,2025-10-18,Email,Delivery,7.4,4
570,2025-10-18,WhatsApp,Return,7.2,5
765,2025-10-18,WhatsApp,Invoice,13.7,4
111,2025-10-19,Phone,Delivery,9.5,5
418,2025-10-19,WhatsApp,Invoice,3.4,4
44,2025-10-20,WhatsApp,Delivery,3.1,4
1341,2025-10-20,Phone,Product,4.7,4
1080,2025-10-20,Email,Invoice,9.5,5
1500,2025-10-21,Email,Product,8.2,4
1490,2025-10-21,Email,Return,10.2,4
1420,2025-10-21,Email,Product,9.7,5
1245,2025-10-21,WhatsApp,Invoice,10.0,3
1371,2025-10-21,Phone,Invoice,11.7,3
240,2025-10-22,Phone,Delivery,22.3,5
781,2025-10-22,Phone,Delivery,10.6,5
880,2025-10-23,WhatsApp,Delivery,8.5,1
768,2025-10-23,WhatsApp,Return,10.5,3
69,2025-10-23,WhatsApp,Product,24.1,5
1366,2025-10-24,WhatsApp,Delivery,34.6,5
1328,2025-10-24,WhatsApp,Invoice,9.0,5
672,2025-10-24,Email,Delivery,10.0,2
534,2025-10-24,Email,Return,5.0,3
1225,2025-10-25,WhatsApp,Delivery,18.0,5
1160,2025-10-26,Email,Delivery,15.3,5
304,2025-10-27,Email,Return,21.7,5
1448,2025-10-27,WhatsApp,Product,1.3,3
417,2025-10-27,WhatsApp,Invoice,25.1,4
1118,2025-10-28,WhatsApp,Delivery,2.5,4
1116,2025-10-28,Email,Delivery,2.5,5
1439,2025-10-28,WhatsApp,Invoice,15.7,4
32,2025-10-28,WhatsApp,Product,5.2,5
219,2025-10-29,Phone,Return,11.0,5
1113,2025-10-29,WhatsApp,Return,3.4,4
108,2025-10-30,Email,Delivery,13.4,5
264,2025-10-30,WhatsApp,Invoice,10.2,4
1352,2025-10-31,Phone,Product,13.0,1
113,2025-10-31,WhatsApp,Delivery,14.8,4
152,2025-10-31,Email,Delivery,11.4,4
1078,2025-11-01,WhatsApp,Delivery,6.9,3
1487,2025-11-01,Phone,Delivery,6.8,5
604,2025-11-01,Email,Delivery,9.7,5
1363,2025-11-01,Phone,Invoice,21.9,5
205,2025-11-02,Email,Product,31.7,5
879,2025-11-02,WhatsApp,Delivery,8.0,5
371,2025-11-02,Phone,Delivery,3.8,4
1004,2025-11-02,WhatsApp,Delivery,5.2,3
940,2025-11-02,WhatsApp,Invoice,14.2,5
835,2025-11-02,WhatsApp,Product,13.8,4
1107,2025-11-02,Email,Delivery,2.4,4
683,2025-11-03,Email,Return,17.9,5
472,2025-11-03,Email,Invoice,36.1,5
220,2025-11-03,WhatsApp,Product,15.6,5
1183,2025-11-04,Email,Invoice,4.6,4
600,2025-11-04,WhatsApp,Delivery,7.1,5
716,2025-11-04,Email,Product,46.0,5
33,2025-11-04,Email,Delivery,2.6,5
168,2025-11-04,WhatsApp,Invoice,5.9,4
132,2025-11-04,WhatsApp,Delivery,11.0,4
760,2025-11-05,WhatsApp,Product,15.6,3
1343,2025-11-05,Email,Delivery,4.7,3
952,2025-11-05,WhatsApp,Delivery,3.8,1
1404,2025-11-05,Email,Delivery,9.5,4
350,2025-11-05,Email,Product,2.8,5
348,2025-11-05,Email,Invoice,18.6,4
540,2025-11-05,WhatsApp,Invoice,15.5,4
1398,2025-11-06,Email,Delivery,22.5,4
278,2025-11-06,Email,Product,16.5,3
1074,2025-11-06,WhatsApp,Delivery,5.0,5
1361,2025-11-07,WhatsApp,Return,22.4,5
1132,2025-11-07,WhatsApp,Return,4.3,3
1335,2025-11-07,WhatsApp,Invoice,12.1,4
678,2025-11-08,WhatsApp,Product,14.5,5
1468,2025-11-08,WhatsApp,Delivery,10.6,5
1408,2025-11-08,WhatsApp,Delivery,6.0,4
1047,2025-11-08,WhatsApp,Delivery,1.4,3
1375,2025-11-08,Phone,Delivery,9.9,5
559,2025-11-09,Email,Return,15.4,4
564,2025-11-09,WhatsApp,Invoice,14.6,3
567,2025-11-09,WhatsApp,Delivery,16.9,5
970,2025-11-09,WhatsApp,Product,6.6,5
243,2025-11-09,WhatsApp,Delivery,5.3,1
62,2025-11-09,WhatsApp,Delivery,4.5,5
247,2025-11-10,Phone,Product,3.7,5
453,2025-11-10,Email,Delivery,3.3,5
1112,2025-11-10,WhatsApp,Delivery,5.8,4
1474,2025-11-10,Phone,Delivery,28.1,5
1101,2025-11-11,Email,Delivery,4.6,3
1060,2025-11-11,Email,Invoice,20.4,4
315,2025-11-11,Email,Delivery,24.6,3
699,2025-11-11,Phone,Return,4.1,1
292,2025-11-11,WhatsApp,Return,13.0,3
1450,2025-11-12,WhatsApp,Invoice,3.6,5
1232,2025-11-12,WhatsApp,Return,3.2,2
644,2025-11-12,Email,Product,2.5,5
807,2025-11-12,Email,Delivery,5.0,5
732,2025-11-12,Email,Product,14.7,4
126,2025-11-12,Email,Product,11.4,3
34,2025-11-12,Phone,Product,9.6,3
1290,2025-11-12,Email,Delivery,9.5,5
107,2025-11-12,Email,Invoice,8.8,5
1317,2025-11-12,WhatsApp,Return,1.2,5
855,2025-11-13,WhatsApp,Delivery,19.9,3
824,2025-11-13,WhatsApp,Return,8.8,3
279,2025-11-13,WhatsApp,Delivery,2.0,4
535,2025-11-13,WhatsApp,Product,10.7,3
296,2025-11-14,Email,Delivery,4.8,5
150,2025-11-15,WhatsApp,Product,14.2,4
1138,2025-11-15,WhatsApp,Return,23.4,4
951,2025-11-15,Email,Delivery,20.6,3
358,2025-11-15,WhatsApp,Delivery,8.4,4
189,2025-11-15,WhatsApp,Delivery,7.0,5
425,2025-11-15,Email,Invoice,5.0,4
1066,2025-11-16,Phone,Invoice,7.4,5
310,2025-11-16,Phone,Delivery,7.6,3
994,2025-11-16,WhatsApp,Delivery,11.2,1
26,2025-11-16,Email,Invoice,3.1,3
1293,2025-11-17,WhatsApp,Product,12.8,3
422,2025-11-17,Email,Return,7.0,1
512,2025-11-17,WhatsApp,Return,19.8,4
1427,2025-11-17,WhatsApp,Invoice,0.7,3
509,2025-11-18,Email,Delivery,27.3,3
669,2025-11-18,Phone,Delivery,6.8,3
1385,2025-11-18,WhatsApp,Product,9.5,5
46,2025-11-18,Email,Delivery,5.6,5
282,2025-11-18,Phone,Product,21.1,3
544,2025-11-18,Email,Delivery,4.6,5
920,2025-11-19,Email,Invoice,21.1,4
236,2025-11-19,WhatsApp,Product,1.0,4
477,2025-11-19,Phone,Delivery,3.0,5
1364,2025-11-19,WhatsApp,Product,5.2,4
1386,2025-11-19,Phone,Delivery,10.6,4
1451,2025-11-19,Email,Product,30.7,3
676,2025-11-19,Email,Product,1.2,3
601,2025-11-20,WhatsApp,Delivery,12.9,4
1388,2025-11-20,WhatsApp,Delivery,27.7,5
1383,2025-11-20,Email,Delivery,27.3,5
259,2025-11-21,Email,Delivery,0.9,3
626,2025-11-21,WhatsApp,Return,15.2,3
429,2025-11-21,Phone,Delivery,8.4,4
750,2025-11-21,Email,Delivery,7.7,5
200,2025-11-21,Email,Return,12.7,5
17,2025-11-21,Email,Product,7.7,4
575,2025-11-22,Email,Product,9.7,4
569,2025-11-22,WhatsApp,Delivery,10.2,4
836,2025-11-22,WhatsApp,Delivery,14.2,4
1298,2025-11-22,Phone,Return,24.3,5
473,2025-11-23,Email,Return,10.9,5
172,2025-11-23,Email,Invoice,9.2,4
59,2025-11-23,WhatsApp,Return,3.6,3
603,2025-11-23,WhatsApp,Delivery,16.3,2
876,2025-11-24,WhatsApp,Product,11.7,5
47,2025-11-24,Email,Invoice,3.3,1
1098,2025-11-24,WhatsApp,Delivery,4.5,5
1277,2025-11-25,WhatsApp,Delivery,1.8,4
1171,2025-11-25,Email,Return,24.9,4
1454,2025-11-25,Phone,Invoice,1.8,5
927,2025-11-25,Email,Delivery,8.2,2
969,2025-11-26,WhatsApp,Product,8.6,4
341,2025-11-26,Phone,Product,1.1,5
1159,2025-11-26,WhatsApp,Product,13.0,5
407,2025-11-26,WhatsApp,Delivery,34.1,5
585,2025-11-26,Email,Delivery,9.6,3
1152,2025-11-26,Email,Invoice,14.9,1
1488,2025-11-26,Email,Product,7.5,5
825,2025-11-26,WhatsApp,Delivery,9.2,5
1314,2025-11-27,Email,Product,6.1,4
804,2025-11-27,Email,Invoice,2.5,4
297,2025-11-27,Email,Delivery,9.7,4
915,2025-11-28,Email,Delivery,1.9,4
918,2025-11-28,WhatsApp,Product,1.4,2
798,2025-11-30,Email,Return,4.6,4
598,2025-11-30,Email,Product,10.2,2
827,2025-11-30,Email,Delivery,5.7,5
635,2025-11-30,WhatsApp,Invoice,2.3,3
1177,2025-11-30,WhatsApp,Invoice,6.6,4
614,2025-12-01,WhatsApp,Invoice,7.8,3
1027,2025-12-01,WhatsApp,Return,3.7,1
985,2025-12-02,Email,Delivery,5.3,4
1296,2025-12-02,WhatsApp,Invoice,17.2,4
596,2025-12-02,Email,Invoice,2.1,3
333,2025-12-03,Email,Delivery,5.7,3
325,2025-12-03,WhatsApp,Return,25.4,1
1076,2025-12-03,WhatsApp,Product,7.5,4
610,2025-12-03,WhatsApp,Invoice,1.4,4
1010,2025-12-03,Email,Product,5.7,3
222,2025-12-03,Phone,Delivery,4.9,3
1105,2025-12-03,Email,Product,19.5,5
8,2025-12-03,WhatsApp,Delivery,6.7,3
710,2025-12-04,WhatsApp,Return,0.5,5
1230,2025-12-04,WhatsApp,Delivery,1.3,4
972,2025-12-04,Email,Return,12.9,5
514,2025-12-04,WhatsApp,Product,10.7,3
684,2025-12-05,Email,Delivery,16.9,4
787,2025-12-05,Phone,Return,14.3,5
82,2025-12-05,Email,Return,15.6,5
606,2025-12-05,Email,Delivery,1.9,4
852,2025-12-06,Email,Delivery,10.6,3
1141,2025-12-06,WhatsApp,Delivery,19.5,4
1180,2025-12-06,Email,Delivery,5.8,4
1018,2025-12-06,WhatsApp,Delivery,6.8,5
1235,2025-12-06,WhatsApp,Delivery,10.0,5
1072,2025-12-07,Email,Return,8.0,4
444,2025-12-07,Email,Product,2.3,5
780,2025-12-07,Email,Product,5.2,5
1381,2025-12-07,Phone,Delivery,4.0,3
1,2025-12-07,Email,Delivery,7.4,5
376,2025-12-08,Email,Product,18.3,4
481,2025-12-08,WhatsApp,Product,19.5,4
305,2025-12-08,WhatsApp,Return,18.5,5
60,2025-12-08,Email,Product,3.0,5
227,2025-12-08,Email,Delivery,6.8,3
730,2025-12-08,Email,Product,21.4,5
1411,2025-12-09,WhatsApp,Invoice,2.6,5
1182,2025-12-09,Email,Delivery,15.6,3
1397,2025-12-09,WhatsApp,Invoice,7.8,5
435,2025-12-10,WhatsApp,Delivery,13.8,5
865,2025-12-10,WhatsApp,Delivery,14.2,5
253,2025-12-10,WhatsApp,Delivery,8.5,1
860,2025-12-10,WhatsApp,Delivery,12.4,4
228,2025-12-10,Email,Delivery,6.0,5
826,2025-12-10,WhatsApp,Product,17.0,3
959,2025-12-10,Email,Product,4.0,5
796,2025-12-11,WhatsApp,Delivery,5.6,4
1093,2025-12-11,Phone,Invoice,28.6,5
160,2025-12-12,WhatsApp,Invoice,8.8,4
1108,2025-12-12,Phone,Invoice,4.5,1
1029,2025-12-12,Email,Product,13.2,3
10,2025-12-13,Email,Invoice,12.7,4
390,2025-12-13,WhatsApp,Delivery,7.3,4
1494,2025-12-13,WhatsApp,Product,5.8,5
637,2025-12-14,WhatsApp,Delivery,11.1,5
273,2025-12-14,WhatsApp,Invoice,2.2,1
91,2025-12-14,WhatsApp,Invoice,3.9,5
286,2025-12-14,Email,Delivery,16.5,4
1256,2025-12-14,WhatsApp,Invoice,11.6,5
467,2025-12-14,Email,Delivery,28.5,5
110,2025-12-14,Email,Product,4.2,4
711,2025-12-14,Email,Delivery,15.4,4
1174,2025-12-14,Email,Product,2.0,3
623,2025-12-14,Email,Product,13.8,4
1425,2025-12-15,Phone,Return,12.3,5
810,2025-12-15,WhatsApp,Product,1.8,5
681,2025-12-15,Phone,Product,10.6,5
272,2025-12-15,Email,Invoice,9.8,4
786,2025-12-15,Email,Invoice,4.9,3
572,2025-12-16,Email,Delivery,10.0,4
851,2025-12-16,Email,Return,2.1,2
1407,2025-12-17,WhatsApp,Delivery,15.3,4
898,2025-12-17,WhatsApp,Invoice,7.2,5
87,2025-12-17,WhatsApp,Delivery,6.8,4
719,2025-12-17,Email,Product,1.4,3
497,2025-12-17,WhatsApp,Product,24.2,3
1161,2025-12-18,WhatsApp,Invoice,0.4,5
454,2025-12-18,Phone,Product,17.3,2
1058,2025-12-18,WhatsApp,Delivery,26.5,3
527,2025-12-19,WhatsApp,Delivery,4.3,5
1006,2025-12-19,WhatsApp,Product,2.1,4
369,2025-12-19,WhatsApp,Delivery,4.6,5
1137,2025-12-19,WhatsApp,Product,7.5,3
666,2025-12-20,Phone,Return,4.3,3
79,2025-12-20,Email,Delivery,10.7,5
1157,2025-12-20,Email,Delivery,1.1,5
580,2025-12-20,Email,Delivery,1.8,4
1434,2025-12-20,Email,Product,1.0,1
112,2025-12-20,Email,Delivery,12.6,4
440,2025-12-21,WhatsApp,Delivery,19.1,1
118,2025-12-21,Phone,Product,14.2,4
187,2025-12-21,Email,Delivery,15.8,2
14,2025-12-22,WhatsApp,Delivery,13.9,4
21,2025-12-22,WhatsApp,Invoice,19.4,5
180,2025-12-22,Email,Return,6.3,2
156,2025-12-23,WhatsApp,Return,4.0,4
1033,2025-12-23,Email,Product,16.0,5
1274,2025-12-23,WhatsApp,Delivery,14.0,5
1265,2025-12-23,Phone,Delivery,34.3,3
694,2025-12-23,WhatsApp,Return,10.4,3
910,2025-12-24,Email,Product,8.2,2
872,2025-12-24,WhatsApp,Delivery,4.0,4
303,2025-12-24,WhatsApp,Invoice,2.2,4
563,2025-12-24,Email,Product,7.3,4
288,2025-12-25,Email,Delivery,11.2,5
510,2025-12-25,Email,Product,10.3,4
1148,2025-12-25,WhatsApp,Delivery,0.8,5
1036,2025-12-26,WhatsApp,Invoice,10.2,4
252,2025-12-26,WhatsApp,Delivery,18.2,3
1237,2025-12-26,WhatsApp,Invoice,25.1,4
709,2025-12-26,WhatsApp,Return,17.8,5
992,2025-12-26,Phone,Return,1.3,5
365,2025-12-26,WhatsApp,Invoice,9.5,5
1203,2025-12-26,WhatsApp,Return,15.9,5
661,2025-12-26,WhatsApp,Delivery,10.8,4
1247,2025-12-26,WhatsApp,Return,21.2,3
627,2025-12-27,WhatsApp,Return,9.0,2
680,2025-12-27,WhatsApp,Delivery,18.7,2
562,2025-12-27,WhatsApp,Delivery,3.5,3
85,2025-12-27,WhatsApp,Delivery,9.2,4
173,2025-12-27,WhatsApp,Product,29.9,5
673,2025-12-27,Email,Delivery,31.2,4
737,2025-12-28,WhatsApp,Product,24.4,5
1099,2025-12-29,Email,Delivery,23.6,4
1162,2025-12-29,Phone,Return,7.8,3
552,2025-12-29,WhatsApp,Delivery,33.4,5
362,2025-12-29,Email,Invoice,5.4,4
639,2025-12-29,Email,Invoice,5.5,5
953,2025-12-29,WhatsApp,Product,2.3,4
902,2025-12-29,Phone,Delivery,12.8,5
874,2025-12-29,WhatsApp,Product,11.4,4
581,2025-12-29,WhatsApp,Invoice,0.5,5
181,2025-12-29,Email,Return,11.6,5
1015,2025-12-30,WhatsApp,Delivery,26.2,5
659,2025-12-30,Email,Delivery,14.7,4
907,2025-12-30,WhatsApp,Delivery,5.7,3
446,2025-12-30,Email,Invoice,12.6,4
480,2025-12-31,WhatsApp,Invoice,11.6,3
526,2025-12-31,Email,Return,6.9,4
625,2025-12-31,WhatsApp,Return,29.2,1
274,2026-01-01,Email,Invoice,8.0,5
958,2026-01-01,Email,Invoice,17.6,5
498,2026-01-02,WhatsApp,Delivery,9.8,5
665,2026-01-02,Email,Invoice,20.4,4
833,2026-01-02,Phone,Delivery,17.2,5
877,2026-01-02,Email,Delivery,26.1,4
703,2026-01-02,Email,Product,6.3,5
324,2026-01-02,Phone,Delivery,7.6,4
1231,2026-01-02,WhatsApp,Product,7.2,5
1305,2026-01-02,WhatsApp,Return,3.8,3
251,2026-01-03,Phone,Product,5.2,4
670,2026-01-03,Phone,Delivery,14.5,5
254,2026-01-03,WhatsApp,Return,18.8,4
29,2026-01-03,Email,Invoice,5.2,4
1270,2026-01-03,WhatsApp,Product,16.4,5
1347,2026-01-03,Email,Delivery,6.3,5
749,2026-01-04,Email,Product,19.9,5
1239,2026-01-04,Phone,Delivery,15.7,5
1344,2026-01-04,WhatsApp,Return,30.6,1
5,2026-01-04,WhatsApp,Delivery,2.0,3
1167,2026-01-05,Email,Return,12.9,4
1456,2026-01-05,Phone,Product,17.4,5
256,2026-01-05,Email,Product,9.1,4
139,2026-01-05,Phone,Delivery,4.7,3
1246,2026-01-06,WhatsApp,Delivery,2.8,3
96,2026-01-06,Phone,Delivery,15.3,5
1476,2026-01-06,WhatsApp,Delivery,8.3,5
648,2026-01-06,Phone,Invoice,9.0,4
933,2026-01-06,Email,Product,8.5,3
311,2026-01-06,Phone,Return,0.9,5
662,2026-01-07,WhatsApp,Delivery,12.2,4
352,2026-01-07,Email,Product,8.4,3
438,2026-01-07,WhatsApp,Return,8.7,4
1479,2026-01-08,Email,Delivery,14.5,5
1086,2026-01-09,Email,Delivery,9.2,5
867,2026-01-09,WhatsApp,Return,2.3,4
377,2026-01-09,Email,Product,10.3,4
1440,2026-01-09,Email,Invoice,24.4,4
1308,2026-01-10,WhatsApp,Invoice,5.5,3
507,2026-01-10,Email,Delivery,3.2,3
70,2026-01-11,Phone,Product,14.0,3
1345,2026-01-11,Email,Product,10.7,2
100,2026-01-11,WhatsApp,Product,2.1,4
1392,2026-01-11,Email,Product,2.5,4
119,2026-01-12,Email,Delivery,4.5,5
1197,2026-01-12,Phone,Return,2.5,4
573,2026-01-12,Email,Invoice,7.0,4
1144,2026-01-12,WhatsApp,Return,19.6,3
225,2026-01-12,WhatsApp,Product,34.0,2
1418,2026-01-12,WhatsApp,Delivery,5.6,5
565,2026-01-12,Phone,Delivery,7.3,3
409,2026-01-12,Email,Invoice,9.5,5
1437,2026-01-12,Email,Delivery,13.4,5
757,2026-01-13,Email,Invoice,7.3,3
237,2026-01-13,WhatsApp,Product,1.3,5
769,2026-01-13,Phone,Product,28.7,5
1109,2026-01-13,WhatsApp,Delivery,7.6,1
956,2026-01-13,Email,Delivery,27.8,3
1284,2026-01-13,WhatsApp,Invoice,7.1,5
832,2026-01-14,WhatsApp,Delivery,13.4,3
469,2026-01-14,WhatsApp,Invoice,38.9,4
1471,2026-01-15,WhatsApp,Invoice,3.0,5
1065,2026-01-15,WhatsApp,Delivery,20.6,4
136,2026-01-15,WhatsApp,Invoice,11.1,4
1164,2026-01-15,WhatsApp,Invoice,17.2,4
936,2026-01-15,WhatsApp,Delivery,13.1,5
1190,2026-01-15,Phone,Delivery,10.4,4
913,2026-01-16,WhatsApp,Return,42.7,5
1062,2026-01-16,WhatsApp,Invoice,6.0,5
492,2026-01-16,Email,Delivery,3.4,5
1045,2026-01-16,WhatsApp,Invoice,11.0,1
356,2026-01-16,WhatsApp,Delivery,10.4,5
1255,2026-01-16,WhatsApp,Delivery,5.8,4
813,2026-01-16,WhatsApp,Delivery,6.3,5
547,2026-01-16,WhatsApp,Invoice,22.0,4
792,2026-01-17,WhatsApp,Delivery,31.7,4
1339,2026-01-17,WhatsApp,Product,4.9,4
427,2026-01-17,WhatsApp,Invoice,18.2,5
424,2026-01-17,Email,Delivery,22.3,3
605,2026-01-18,Email,Invoice,4.2,4
1083,2026-01-18,WhatsApp,Return,27.7,4
121,2026-01-18,WhatsApp,Invoice,8.7,1
849,2026-01-19,WhatsApp,Delivery,18.1,5
1213,2026-01-19,WhatsApp,Delivery,21.7,2
1234,2026-01-19,WhatsApp,Invoice,14.3,4
522,2026-01-19,Phone,Delivery,5.2,4
1075,2026-01-20,Email,Delivery,3.6,4
1414,2026-01-20,Phone,Product,12.6,4
1287,2026-01-20,Phone,Delivery,21.6,4
242,2026-01-21,Email,Product,4.8,5
1340,2026-01-21,WhatsApp,Delivery,5.8,4
1355,2026-01-21,WhatsApp,Invoice,10.0,5
1496,2026-01-21,Phone,Product,10.7,3
174,2026-01-22,WhatsApp,Return,11.4,5
98,2026-01-22,Email,Product,15.6,5
919,2026-01-22,Email,Product,6.0,5
728,2026-01-22,Email,Delivery,7.2,1
1483,2026-01-23,Email,Product,9.9,5
3,2026-01-23,WhatsApp,Product,14.0,3
378,2026-01-23,Email,Product,37.4,4
1310,2026-01-23,WhatsApp,Product,5.9,4
667,2026-01-23,WhatsApp,Return,8.7,4
54,2026-01-24,WhatsApp,Invoice,1.6,4
330,2026-01-24,Phone,Invoice,6.6,5
198,2026-01-24,Phone,Product,8.4,3
255,2026-01-24,Email,Invoice,4.5,3
475,2026-01-24,Phone,Delivery,29.1,3
1390,2026-01-24,WhatsApp,Delivery,3.7,4
146,2026-01-25,WhatsApp,Return,11.1,4
1292,2026-01-25,WhatsApp,Product,21.3,5
188,2026-01-25,Email,Product,19.5,5
466,2026-01-25,Email,Delivery,9.7,5
165,2026-01-25,Email,Product,25.0,2
1106,2026-01-26,Email,Delivery,11.1,5
248,2026-01-26,Email,Return,1.2,5
12,2026-01-27,Email,Delivery,11.2,4
721,2026-01-27,Phone,Delivery,4.4,5
1421,2026-01-28,Email,Product,18.4,5
138,2026-01-28,WhatsApp,Product,13.1,4
1034,2026-01-28,WhatsApp,Invoice,1.9,5
734,2026-01-28,WhatsApp,Delivery,19.9,5
276,2026-01-29,Phone,Return,16.6,5
176,2026-01-29,Email,Delivery,14.2,4
789,2026-01-30,WhatsApp,Invoice,6.6,5
405,2026-01-30,WhatsApp,Invoice,15.3,4
447,2026-01-30,Email,Return,25.7,4
738,2026-01-30,Email,Product,11.9,2
520,2026-01-31,WhatsApp,Product,6.4,5
1215,2026-01-31,WhatsApp,Delivery,9.2,4
697,2026-02-01,Phone,Delivery,19.4,5
858,2026-02-01,Email,Delivery,5.5,5
745,2026-02-01,Email,Product,13.4,5
1283,2026-02-02,Email,Product,20.5,5
511,2026-02-02,WhatsApp,Product,31.3,3
216,2026-02-02,Email,Return,12.3,5
988,2026-02-02,WhatsApp,Invoice,8.8,5
114,2026-02-02,WhatsApp,Delivery,12.5,4
396,2026-02-02,WhatsApp,Product,16.3,5
1430,2026-02-03,WhatsApp,Delivery,6.4,2
134,2026-02-03,WhatsApp,Product,2.0,4
934,2026-02-04,Email,Invoice,20.0,4
218,2026-02-04,WhatsApp,Product,4.8,4
1320,2026-02-04,Email,Return,8.4,5
316,2026-02-04,Phone,Delivery,12.9,4
363,2026-02-04,WhatsApp,Return,14.1,2
1068,2026-02-04,Email,Invoice,10.6,1
708,2026-02-05,Email,Delivery,27.2,4
692,2026-02-05,WhatsApp,Delivery,8.9,5
938,2026-02-05,Phone,Delivery,13.5,5
905,2026-02-06,WhatsApp,Product,11.0,3
43,2026-02-06,WhatsApp,Return,5.2,4
834,2026-02-06,Email,Product,7.5,5
1435,2026-02-07,Phone,Invoice,10.2,5
334,2026-02-07,WhatsApp,Product,32.2,4
1325,2026-02-07,Phone,Product,8.4,3
746,2026-02-07,WhatsApp,Invoice,7.5,4
1379,2026-02-07,WhatsApp,Delivery,20.2,5
674,2026-02-08,Email,Return,9.6,4
413,2026-02-08,WhatsApp,Product,8.4,1
1367,2026-02-08,WhatsApp,Return,29.8,4
428,2026-02-08,WhatsApp,Delivery,1.4,4
191,2026-02-08,Email,Return,2.3,5
1250,2026-02-09,Email,Delivery,8.7,1
183,2026-02-09,Phone,Return,13.5,4
1489,2026-02-09,WhatsApp,Product,5.2,5
889,2026-02-09,Email,Delivery,1.5,4
1037,2026-02-10,Email,Delivery,1.8,5
766,2026-02-10,WhatsApp,Product,8.5,2
521,2026-02-10,Email,Delivery,25.0,4
1267,2026-02-10,Email,Invoice,26.6,4
1480,2026-02-10,Phone,Invoice,3.7,4
25,2026-02-11,Phone,Return,4.9,3
638,2026-02-11,WhatsApp,Return,6.5,3
1424,2026-02-11,WhatsApp,Delivery,29.5,4
762,2026-02-11,WhatsApp,Delivery,12.1,5
1122,2026-02-11,Email,Invoice,13.3,5
998,2026-02-12,Email,Return,9.9,5
117,2026-02-12,Email,Delivery,2.9,5
815,2026-02-12,Email,Delivery,9.0,5
384,2026-02-12,Email,Delivery,15.1,3
374,2026-02-12,Email,Delivery,28.9,5
1216,2026-02-13,WhatsApp,Product,4.9,3
838,2026-02-13,WhatsApp,Delivery,14.8,2
321,2026-02-13,Phone,Return,23.2,5
555,2026-02-13,Email,Delivery,6.1,5
1272,2026-02-13,WhatsApp,Return,5.7,4
698,2026-02-14,Email,Delivery,6.4,2
695,2026-02-14,WhatsApp,Delivery,27.4,4
1198,2026-02-14,Email,Delivery,3.6,5
482,2026-02-14,WhatsApp,Return,19.6,5
1280,2026-02-14,Email,Product,2.9,5
385,2026-02-14,Email,Invoice,18.8,1
571,2026-02-15,Email,Product,7.1,4
1423,2026-02-15,WhatsApp,Delivery,18.5,5
430,2026-02-15,Phone,Delivery,13.2,5
1406,2026-02-15,WhatsApp,Delivery,8.3,5
785,2026-02-15,WhatsApp,Invoice,20.2,5
238,2026-02-15,WhatsApp,Invoice,10.4,4
1441,2026-02-15,Phone,Product,12.8,1
811,2026-02-15,WhatsApp,Product,6.2,5
795,2026-02-15,Email,Product,12.4,3
948,2026-02-16,Email,Return,5.1,4
1403,2026-02-16,Phone,Delivery,16.7,5
159,2026-02-16,Phone,Delivery,27.7,4
1351,2026-02-17,WhatsApp,Return,6.8,5
170,2026-02-17,Email,Product,6.8,3
1387,2026-02-17,WhatsApp,Invoice,5.5,5
246,2026-02-17,Email,Delivery,2.8,3
1461,2026-02-17,Phone,Invoice,14.7,5
778,2026-02-17,WhatsApp,Product,5.1,3
1090,2026-02-18,Email,Product,14.2,2
1331,2026-02-18,Email,Return,1.3,4
641,2026-02-18,WhatsApp,Product,18.4,5
875,2026-02-19,WhatsApp,Return,19.4,5
1176,2026-02-19,WhatsApp,Invoice,20.4,5
355,2026-02-19,WhatsApp,Delivery,25.8,2
742,2026-02-19,Phone,Delivery,12.4,5
1051,2026-02-19,WhatsApp,Product,10.8,4
1321,2026-02-20,Email,Delivery,22.1,3
747,2026-02-20,Phone,Delivery,19.4,4
1241,2026-02-20,Email,Invoice,13.7,1
645,2026-02-20,WhatsApp,Invoice,24.9,1
1316,2026-02-20,WhatsApp,Product,28.2,5
736,2026-02-21,WhatsApp,Delivery,4.5,5
1268,2026-02-21,WhatsApp,Return,3.9,5
1131,2026-02-21,WhatsApp,Delivery,5.8,1
491,2026-02-21,WhatsApp,Product,11.2,4
727,2026-02-22,Email,Delivery,2.9,5
1143,2026-02-22,Phone,Invoice,7.1,3
1199,2026-02-22,WhatsApp,Delivery,12.4,4
828,2026-02-22,Email,Delivery,3.1,3
817,2026-02-23,WhatsApp,Delivery,18.4,3
704,2026-02-23,Phone,Delivery,9.0,3
743,2026-02-24,Email,Product,12.5,4
1009,2026-02-24,WhatsApp,Delivery,20.8,3
608,2026-02-24,WhatsApp,Product,3.5,5
518,2026-02-24,WhatsApp,Invoice,18.4,4
523,2026-02-24,WhatsApp,Product,14.0,4
945,2026-02-24,Email,Return,1.4,3
577,2026-02-24,Email,Product,11.0,4
558,2026-02-24,Email,Invoice,4.3,5
1486,2026-02-25,Phone,Delivery,6.8,3
1092,2026-02-25,Phone,Product,4.3,3
722,2026-02-25,WhatsApp,Product,15.5,4
593,2026-02-25,Email,Delivery,16.1,5
1396,2026-02-26,Phone,Invoice,18.6,5
1156,2026-02-26,WhatsApp,Invoice,6.1,5
375,2026-02-26,WhatsApp,Delivery,5.2,5
845,2026-02-26,Email,Product,23.1,2
560,2026-02-27,WhatsApp,Invoice,28.9,5
1491,2026-02-27,Email,Delivery,3.3,5
508,2026-02-27,Email,Product,9.7,2
794,2026-02-27,WhatsApp,Delivery,4.0,2
457,2026-02-27,WhatsApp,Invoice,3.0,4
460,2026-02-28,WhatsApp,Delivery,6.0,5
104,2026-02-28,Phone,Delivery,37.1,4
9,2026-03-01,Phone,Product,16.9,1
142,2026-03-01,WhatsApp,Product,8.5,5
654,2026-03-01,Email,Product,42.5,5
1394,2026-03-01,Email,Delivery,15.5,4
230,2026-03-02,WhatsApp,Delivery,4.1,1
50,2026-03-02,Email,Delivery,18.2,4
1175,2026-03-02,Email,Delivery,23.4,4
990,2026-03-03,WhatsApp,Delivery,4.6,3
120,2026-03-03,WhatsApp,Delivery,7.4,3
122,2026-03-03,Email,Invoice,6.7,1
1031,2026-03-03,WhatsApp,Product,15.1,5
1458,2026-03-03,WhatsApp,Return,7.0,3
515,2026-03-03,Phone,Product,5.9,4
908,2026-03-04,Email,Return,6.9,5
971,2026-03-05,WhatsApp,Return,22.4,4
1286,2026-03-05,WhatsApp,Delivery,17.5,4
175,2026-03-06,WhatsApp,Return,8.4,5
1077,2026-03-06,WhatsApp,Delivery,15.2,1
808,2026-03-06,Email,Return,10.7,2
403,2026-03-06,Email,Product,2.9,4
1482,2026-03-06,WhatsApp,Delivery,4.4,3
182,2026-03-07,Email,Delivery,29.7,5
578,2026-03-07,WhatsApp,Delivery,20.2,1
1233,2026-03-07,Phone,Product,3.7,3
943,2026-03-07,Email,Return,6.5,5
725,2026-03-08,WhatsApp,Return,12.7,1
45,2026-03-08,Email,Product,25.7,4
1082,2026-03-08,WhatsApp,Invoice,19.9,4
783,2026-03-08,WhatsApp,Delivery,29.2,4
1193,2026-03-08,Email,Delivery,13.8,2
1492,2026-03-08,Email,Delivery,12.5,5
696,2026-03-09,Email,Product,11.5,5
65,2026-03-09,WhatsApp,Return,24.0,4
1023,2026-03-09,WhatsApp,Product,12.6,1
1081,2026-03-09,Email,Return,10.8,5
493,2026-03-10,WhatsApp,Return,4.7,3
1295,2026-03-10,Email,Product,8.6,1
942,2026-03-10,Email,Return,7.9,5
229,2026-03-11,Email,Delivery,10.9,4
1275,2026-03-11,Phone,Return,4.4,5
939,2026-03-12,WhatsApp,Delivery,3.4,1
944,2026-03-12,WhatsApp,Invoice,9.7,3
621,2026-03-12,Email,Delivery,5.8,4
1111,2026-03-12,Email,Invoice,16.7,4
1042,2026-03-12,WhatsApp,Product,3.8,4
980,2026-03-13,Email,Delivery,20.2,4
823,2026-03-13,WhatsApp,Invoice,7.6,4
331,2026-03-13,Email,Delivery,1.5,5
478,2026-03-14,WhatsApp,Delivery,9.2,5
763,2026-03-14,WhatsApp,Product,4.7,5
271,2026-03-14,Email,Product,18.1,4
27,2026-03-14,WhatsApp,Invoice,15.8,5
856,2026-03-14,Email,Return,19.3,4
1026,2026-03-14,Email,Product,4.5,5
909,2026-03-15,Email,Return,5.5,5
115,2026-03-15,Email,Delivery,2.8,5
1384,2026-03-15,WhatsApp,Product,3.9,4
125,2026-03-15,Phone,Delivery,9.2,2
546,2026-03-15,WhatsApp,Delivery,16.8,3
677,2026-03-16,WhatsApp,Return,2.8,5
398,2026-03-16,Email,Product,25.0,4
1472,2026-03-16,WhatsApp,Delivery,8.0,5
658,2026-03-16,WhatsApp,Delivery,2.7,4
1163,2026-03-16,Phone,Delivery,7.2,3
854,2026-03-17,WhatsApp,Delivery,8.6,5
307,2026-03-17,Email,Product,24.5,5
595,2026-03-17,Email,Delivery,25.9,4
293,2026-03-17,WhatsApp,Delivery,7.6,5
624,2026-03-18,WhatsApp,Delivery,3.0,4
602,2026-03-18,WhatsApp,Product,18.3,2
171,2026-03-18,Phone,Product,25.2,4
748,2026-03-18,Email,Product,12.1,5
705,2026-03-18,Email,Invoice,4.5,4
962,2026-03-18,Email,Delivery,9.8,5
265,2026-03-19,Email,Return,1.0,3
886,2026-03-19,Email,Delivery,8.5,4
974,2026-03-19,Phone,Delivery,27.9,5
1273,2026-03-19,WhatsApp,Invoice,14.7,5
249,2026-03-19,WhatsApp,Product,6.9,4
1050,2026-03-19,Email,Delivery,2.5,3
1478,2026-03-20,Email,Invoice,13.5,4
395,2026-03-20,WhatsApp,Delivery,8.8,5
848,2026-03-20,WhatsApp,Invoice,12.6,4
733,2026-03-20,Email,Return,10.3,5
1236,2026-03-20,WhatsApp,Delivery,18.2,4
486,2026-03-20,WhatsApp,Return,10.4,4
966,2026-03-21,WhatsApp,Product,23.2,3
7,2026-03-21,Email,Product,18.9,5
524,2026-03-22,WhatsApp,Delivery,2.9,4
1493,2026-03-22,WhatsApp,Invoice,8.2,4
1402,2026-03-22,Email,Delivery,13.8,2
20,2026-03-22,WhatsApp,Product,2.7,5
37,2026-03-23,WhatsApp,Product,17.1,2
372,2026-03-23,Email,Delivery,4.4,5
410,2026-03-23,Email,Return,18.9,4
494,2026-03-24,Email,Delivery,6.5,5
1205,2026-03-24,WhatsApp,Delivery,10.9,5
124,2026-03-24,WhatsApp,Delivery,9.1,4
224,2026-03-24,WhatsApp,Product,26.4,2
320,2026-03-24,Email,Delivery,22.7,4
912,2026-03-25,WhatsApp,Delivery,10.4,5
496,2026-03-25,WhatsApp,Delivery,10.0,2
1350,2026-03-26,WhatsApp,Product,5.8,4
1248,2026-03-26,WhatsApp,Delivery,13.2,4
820,2026-03-26,WhatsApp,Delivery,48.8,3
1196,2026-03-26,Email,Delivery,7.2,4
389,2026-03-27,WhatsApp,Invoice,14.5,4
1173,2026-03-27,Email,Delivery,4.6,5
686,2026-03-28,Email,Product,27.7,3
300,2026-03-28,WhatsApp,Return,21.3,4
1087,2026-03-29,WhatsApp,Product,2.4,4
163,2026-03-29,WhatsApp,Delivery,2.8,5
1094,2026-03-29,Phone,Product,42.6,5
1485,2026-03-29,WhatsApp,Product,10.8,4
586,2026-03-29,Email,Invoice,0.8,5
991,2026-03-29,WhatsApp,Invoice,9.3,5
199,2026-03-29,Phone,Invoice,29.5,4
1302,2026-03-29,Phone,Delivery,12.4,3
866,2026-03-30,Email,Product,3.1,1
799,2026-03-30,Email,Delivery,5.7,4
367,2026-03-30,Phone,Invoice,16.1,5
620,2026-03-30,Email,Invoice,17.6,4
58,2026-03-30,Email,Return,11.7,1
63,2026-03-30,WhatsApp,Invoice,7.8,5
336,2026-03-31,WhatsApp,Product,0.9,4
870,2026-03-31,Email,Delivery,10.3,4
263,2026-03-31,WhatsApp,Delivery,6.7,5
308,2026-04-01,Phone,Product,7.8,5
1444,2026-04-01,Email,Delivery,17.3,4
1200,2026-04-01,WhatsApp,Invoice,18.2,5
149,2026-04-01,WhatsApp,Delivery,18.7,5
1467,2026-04-02,WhatsApp,Invoice,8.7,5
982,2026-04-02,WhatsApp,Product,6.1,3
735,2026-04-02,Email,Invoice,8.3,4
869,2026-04-02,WhatsApp,Product,36.3,4
380,2026-04-02,Email,Delivery,15.7,4
1013,2026-04-03,Email,Delivery,6.9,1
1153,2026-04-03,Phone,Product,20.7,5
290,2026-04-03,WhatsApp,Product,6.9,4
468,2026-04-03,Phone,Product,4.2,5
997,2026-04-04,WhatsApp,Invoice,13.7,4
77,2026-04-04,WhatsApp,Return,27.0,3
1007,2026-04-04,Email,Return,9.7,2
630,2026-04-04,Email,Delivery,6.5,5
723,2026-04-04,Email,Delivery,0.9,5
283,2026-04-05,Email,Delivery,10.8,1
1021,2026-04-05,WhatsApp,Invoice,11.3,2
133,2026-04-05,Email,Return,5.0,5
1382,2026-04-05,WhatsApp,Delivery,8.5,5
179,2026-04-06,Email,Product,21.2,5
301,2026-04-06,Email,Delivery,12.0,4
675,2026-04-06,Phone,Product,19.2,4
24,2026-04-06,WhatsApp,Delivery,18.4,5
1070,2026-04-07,Email,Delivery,8.2,4
590,2026-04-07,Email,Invoice,7.1,5
1202,2026-04-07,Phone,Invoice,28.1,2
129,2026-04-07,Email,Invoice,24.8,5
1271,2026-04-07,WhatsApp,Delivery,7.2,5
1096,2026-04-08,Email,Product,6.2,5
309,2026-04-09,Phone,Delivery,24.0,4
561,2026-04-09,Email,Return,23.5,3
94,2026-04-09,WhatsApp,Return,6.8,4
1348,2026-04-09,Phone,Product,10.2,5
41,2026-04-09,WhatsApp,Delivery,26.3,5
777,2026-04-10,WhatsApp,Return,16.5,3
485,2026-04-10,Email,Delivery,25.0,4
1329,2026-04-10,WhatsApp,Invoice,6.7,4
891,2026-04-11,Phone,Return,21.3,5
1185,2026-04-11,Phone,Return,19.0,2
924,2026-04-11,WhatsApp,Product,12.1,5
506,2026-04-11,Phone,Delivery,16.5,3
793,2026-04-11,Email,Return,6.3,4
1342,2026-04-11,Email,Product,21.5,4
11,2026-04-12,WhatsApp,Return,2.4,5
500,2026-04-12,Phone,Delivery,10.4,5
326,2026-04-12,Email,Delivery,8.9,5
404,2026-04-12,WhatsApp,Return,4.0,3
202,2026-04-13,Email,Return,21.6,5
609,2026-04-13,WhatsApp,Product,11.1,5
551,2026-04-13,WhatsApp,Delivery,5.5,5
13,2026-04-13,WhatsApp,Product,2.1,5
287,2026-04-13,WhatsApp,Delivery,8.0,4
16,2026-04-13,Email,Invoice,26.7,5
245,2026-04-14,Phone,Invoice,19.3,2
437,2026-04-14,WhatsApp,Delivery,12.2,4
1337,2026-04-14,WhatsApp,Product,21.7,3
649,2026-04-15,Email,Delivery,8.4,4
368,2026-04-15,WhatsApp,Product,9.9,5
306,2026-04-15,Email,Return,4.0,4
1484,2026-04-15,WhatsApp,Product,13.9,4
1151,2026-04-15,WhatsApp,Return,5.5,4
1069,2026-04-16,Phone,Delivery,4.0,4
1401,2026-04-16,Email,Product,1.6,3
1038,2026-04-16,Email,Invoice,20.3,2
628,2026-04-16,Email,Return,19.3,5
1464,2026-04-16,Email,Product,14.7,3
655,2026-04-17,WhatsApp,Product,17.2,3
1014,2026-04-18,WhatsApp,Return,7.0,3
490,2026-04-18,WhatsApp,Return,11.2,4
1415,2026-04-18,WhatsApp,Return,6.6,5
829,2026-04-18,WhatsApp,Invoice,10.1,3
166,2026-04-19,Email,Delivery,15.9,3
1357,2026-04-19,WhatsApp,Delivery,9.2,3
690,2026-04-19,WhatsApp,Delivery,6.9,4
1146,2026-04-20,Email,Return,11.8,4
439,2026-04-20,Email,Product,21.7,5
1063,2026-04-20,WhatsApp,Product,25.6,4
351,2026-04-20,Email,Product,26.6,5
471,2026-04-21,WhatsApp,Product,7.4,4
1417,2026-04-21,Email,Return,2.4,4
574,2026-04-21,WhatsApp,Delivery,27.8,5
636,2026-04-21,WhatsApp,Return,3.1,5
502,2026-04-21,Email,Product,5.5,4
1145,2026-04-22,Email,Delivery,6.7,5
837,2026-04-22,Email,Invoice,11.4,3
408,2026-04-23,WhatsApp,Delivery,26.5,4
652,2026-04-23,Email,Delivery,36.2,5
370,2026-04-23,WhatsApp,Delivery,16.2,4
1001,2026-04-24,Phone,Product,5.6,4
1226,2026-04-24,WhatsApp,Delivery,7.7,3
1269,2026-04-24,Phone,Delivery,10.8,4
448,2026-04-24,Phone,Delivery,3.6,2
1282,2026-04-25,WhatsApp,Delivery,5.1,3
830,2026-04-25,Phone,Product,8.0,5
542,2026-04-25,Email,Delivery,3.7,1
862,2026-04-25,WhatsApp,Delivery,8.7,2
464,2026-04-26,Email,Return,31.2,3
1054,2026-04-26,Email,Invoice,10.4,5
841,2026-04-26,Phone,Product,3.2,5
541,2026-04-27,WhatsApp,Delivery,6.8,5
298,2026-04-28,Email,Invoice,8.5,4
342,2026-04-28,Phone,Delivery,15.4,2
901,2026-04-29,Phone,Invoice,30.3,5
1334,2026-04-29,Email,Product,5.1,3
883,2026-04-30,WhatsApp,Product,13.7,5
702,2026-04-30,WhatsApp,Delivery,6.4,5
713,2026-04-30,WhatsApp,Product,3.2,4
859,2026-04-30,WhatsApp,Delivery,26.6,3
450,2026-05-01,WhatsApp,Delivery,8.7,4
758,2026-05-01,Email,Return,9.0,3
1497,2026-05-02,WhatsApp,Delivery,16.0,4
816,2026-05-02,Email,Invoice,9.3,3
671,2026-05-02,Phone,Invoice,3.8,3
346,2026-05-02,WhatsApp,Product,22.0,4
178,2026-05-02,WhatsApp,Return,23.9,3
258,2026-05-02,WhatsApp,Invoice,7.2,4
1020,2026-05-03,Phone,Delivery,19.4,4
1052,2026-05-03,WhatsApp,Delivery,42.0,3
66,2026-05-03,WhatsApp,Invoice,24.8,5
411,2026-05-03,Email,Product,11.2,4
1356,2026-05-03,Phone,Delivery,18.6,2
591,2026-05-03,Email,Return,9.7,3
1227,2026-05-04,WhatsApp,Return,28.8,5
1091,2026-05-04,Phone,Delivery,10.0,4
123,2026-05-05,Phone,Product,9.0,5
741,2026-05-05,Phone,Return,6.1,4
131,2026-05-06,Email,Return,7.8,5
406,2026-05-06,WhatsApp,Delivery,28.3,5
78,2026-05-07,Email,Product,10.3,1
38,2026-05-07,WhatsApp,Invoice,14.6,5
201,2026-05-08,Phone,Return,17.1,5
1288,2026-05-08,WhatsApp,Delivery,1.6,4
922,2026-05-08,Phone,Product,12.0,5
226,2026-05-08,Phone,Delivery,2.5,4
937,2026-05-08,WhatsApp,Invoice,18.6,4
700,2026-05-08,Email,Product,2.8,5
720,2026-05-09,WhatsApp,Delivery,18.2,4
505,2026-05-09,WhatsApp,Delivery,11.1,4
141,2026-05-09,Phone,Return,14.0,5
864,2026-05-10,WhatsApp,Return,13.5,2
95,2026-05-10,Email,Product,9.6,5
302,2026-05-10,WhatsApp,Delivery,8.2,3
1315,2026-05-10,Phone,Return,2.9,4
130,2026-05-11,WhatsApp,Delivery,2.7,3
431,2026-05-11,WhatsApp,Return,10.1,4
1095,2026-05-11,WhatsApp,Delivery,8.1,3
30,2026-05-11,Email,Return,7.5,2
887,2026-05-12,Email,Return,17.4,3
1117,2026-05-12,WhatsApp,Delivery,5.8,4
968,2026-05-12,WhatsApp,Invoice,19.1,5
1030,2026-05-13,Email,Return,3.5,4
18,2026-05-13,Email,Invoice,7.6,3
1278,2026-05-13,WhatsApp,Product,11.5,2
217,2026-05-13,Email,Return,22.8,2
462,2026-05-13,WhatsApp,Return,2.1,4
235,2026-05-13,Email,Delivery,22.3,1
161,2026-05-13,Phone,Delivery,19.0,5
1309,2026-05-14,Email,Invoice,25.5,5
338,2026-05-14,WhatsApp,Invoice,1.4,5
761,2026-05-14,Email,Invoice,19.4,3
1024,2026-05-14,Email,Product,7.8,3
1429,2026-05-14,Phone,Return,14.6,5
717,2026-05-15,Email,Invoice,11.1,2
1333,2026-05-15,WhatsApp,Delivery,16.6,2
1035,2026-05-15,Email,Delivery,16.2,1
685,2026-05-15,WhatsApp,Delivery,8.9,5
1323,2026-05-15,Email,Delivery,16.4,4
1240,2026-05-15,Email,Invoice,9.0,5
1463,2026-05-16,Email,Return,15.4,4
1158,2026-05-16,WhatsApp,Delivery,13.2,4
1008,2026-05-16,WhatsApp,Product,13.6,5
533,2026-05-16,Phone,Delivery,7.4,3
631,2026-05-16,Email,Invoice,8.8,4
629,2026-05-17,WhatsApp,Delivery,16.0,4
393,2026-05-17,Phone,Invoice,1.9,5
633,2026-05-17,Email,Product,21.9,5
1229,2026-05-17,WhatsApp,Return,17.8,1
1285,2026-05-18,Email,Product,23.5,4
64,2026-05-18,Phone,Return,7.1,1
489,2026-05-18,Email,Invoice,7.5,5
1192,2026-05-18,Email,Return,17.1,4
344,2026-05-19,WhatsApp,Delivery,18.6,5
1223,2026-05-19,WhatsApp,Return,8.3,4
343,2026-05-19,Email,Return,5.5,5
1370,2026-05-19,Email,Product,3.8,4
442,2026-05-19,Email,Return,11.4,4
847,2026-05-19,Email,Product,3.2,5
221,2026-05-20,WhatsApp,Delivery,15.7,4
208,2026-05-20,Email,Product,9.9,1
775,2026-05-20,WhatsApp,Invoice,8.3,5
39,2026-05-22,Email,Product,11.8,4
1120,2026-05-22,Phone,Invoice,14.7,5
831,2026-05-22,Phone,Return,6.3,4
275,2026-05-23,Email,Invoice,10.3,5
93,2026-05-23,Email,Return,9.4,4
706,2026-05-23,Email,Delivery,8.8,5
773,2026-05-24,Email,Invoice,7.6,2
814,2026-05-24,WhatsApp,Return,6.1,4
729,2026-05-24,WhatsApp,Product,16.2,3
895,2026-05-24,Phone,Return,10.6,5
981,2026-05-25,Email,Delivery,14.5,5
361,2026-05-25,Phone,Invoice,2.2,3
613,2026-05-25,WhatsApp,Product,27.4,4
821,2026-05-25,WhatsApp,Delivery,8.9,2
668,2026-05-26,WhatsApp,Product,22.0,5
145,2026-05-26,Email,Return,18.8,4
519,2026-05-27,Email,Delivery,6.2,4
53,2026-05-27,Email,Return,13.3,5
954,2026-05-27,WhatsApp,Product,9.0,5
55,2026-05-27,WhatsApp,Delivery,16.1,4
1130,2026-05-27,WhatsApp,Delivery,13.4,5
1319,2026-05-28,WhatsApp,Product,23.1,4
185,2026-05-28,Email,Delivery,8.5,4
312,2026-05-28,Email,Product,11.4,4
1150,2026-05-29,Email,Delivery,10.4,5
261,2026-05-29,Phone,Invoice,5.9,4
963,2026-05-29,WhatsApp,Delivery,22.9,4
233,2026-05-30,WhatsApp,Invoice,15.0,4
1043,2026-05-30,Email,Invoice,23.0,5
744,2026-05-30,Email,Invoice,7.7,2
294,2026-05-30,WhatsApp,Product,3.9,3
1365,2026-05-30,WhatsApp,Product,16.2,5
1322,2026-05-30,WhatsApp,Delivery,6.9,4
445,2026-05-31,Phone,Product,23.8,5
1495,2026-05-31,WhatsApp,Invoice,8.5,5
433,2026-05-31,WhatsApp,Product,6.0,3
268,2026-05-31,WhatsApp,Product,2.1,2
184,2026-05-31,WhatsApp,Product,7.8,5
906,2026-05-31,WhatsApp,Delivery,7.3,5
800,2026-05-31,Email,Product,22.5,5
647,2026-05-31,Email,Invoice,21.3,5
1281,2026-06-01,Phone,Invoice,2.8,4
1301,2026-06-02,Email,Delivery,4.6,5
539,2026-06-02,WhatsApp,Product,25.2,5
465,2026-06-03,WhatsApp,Invoice,0.1,1
280,2026-06-03,WhatsApp,Return,11.2,5
455,2026-06-03,Email,Delivery,29.6,4
642,2026-06-03,Email,Invoice,10.7,5
1084,2026-06-03,WhatsApp,Product,13.6,5
1447,2026-06-03,Phone,Delivery,18.8,4
137,2026-06-04,Email,Product,1.9,2
270,2026-06-05,Phone,Delivery,7.3,1
1380,2026-06-05,WhatsApp,Delivery,6.0,3
726,2026-06-05,Email,Product,20.1,2
774,2026-06-05,Email,Product,21.9,5
204,2026-06-05,WhatsApp,Delivery,14.9,4
1012,2026-06-05,Phone,Invoice,10.8,1
536,2026-06-06,Email,Product,15.0,5
318,2026-06-06,WhatsApp,Delivery,7.4,4
582,2026-06-06,Email,Invoice,3.6,5
1446,2026-06-06,Email,Delivery,28.6,5
76,2026-06-06,WhatsApp,Delivery,17.1,5
1395,2026-06-07,WhatsApp,Return,17.8,5
394,2026-06-07,Email,Delivery,30.2,5
767,2026-06-07,Email,Delivery,28.2,3
532,2026-06-07,Email,Product,8.6,5
1469,2026-06-08,WhatsApp,Delivery,13.0,2
1204,2026-06-08,WhatsApp,Invoice,2.8,4
105,2026-06-08,Phone,Delivery,9.3,4
802,2026-06-09,WhatsApp,Return,3.2,5
1136,2026-06-09,Email,Return,28.5,5
1140,2026-06-09,WhatsApp,Product,9.7,4
1252,2026-06-09,Email,Delivery,25.3,3
319,2026-06-09,WhatsApp,Product,14.2,3
414,2026-06-09,Email,Product,20.7,4
592,2026-06-10,WhatsApp,Delivery,17.1,4
929,2026-06-10,WhatsApp,Product,6.8,5
531,2026-06-10,Phone,Delivery,10.1,5
1028,2026-06-10,Email,Invoice,14.3,5
1056,2026-06-11,WhatsApp,Return,4.3,4
42,2026-06-11,Email,Return,16.3,3
1399,2026-06-12,Email,Product,36.5,4
1147,2026-06-12,Email,Delivery,6.5,4
691,2026-06-13,Email,Delivery,15.1,5
503,2026-06-13,Email,Product,16.1,5
1262,2026-06-13,WhatsApp,Product,7.2,3
1373,2026-06-13,Phone,Product,9.6,5
651,2026-06-13,Email,Delivery,6.1,3
1188,2026-06-14,Phone,Return,3.3,5
1243,2026-06-14,Phone,Return,10.0,1
801,2026-06-14,WhatsApp,Return,7.2,4
1211,2026-06-15,WhatsApp,Delivery,5.9,4
1218,2026-06-15,WhatsApp,Delivery,13.1,4
1336,2026-06-15,WhatsApp,Delivery,10.3,4
1003,2026-06-15,WhatsApp,Invoice,11.9,4
1244,2026-06-16,WhatsApp,Return,6.1,5
1178,2026-06-16,WhatsApp,Return,6.5,5
979,2026-06-16,Phone,Product,22.7,4
499,2026-06-16,Email,Return,13.9,5
839,2026-06-16,WhatsApp,Delivery,23.8,5
1172,2026-06-17,Phone,Return,16.0,4
90,2026-06-18,WhatsApp,Delivery,11.0,2
805,2026-06-18,Email,Delivery,9.6,4
61,2026-06-18,Email,Delivery,13.6,5
1166,2026-06-18,WhatsApp,Product,7.7,5
483,2026-06-18,WhatsApp,Product,4.9,4
212,2026-06-19,WhatsApp,Return,10.3,5
1433,2026-06-19,Phone,Delivery,3.6,5
328,2026-06-19,Email,Delivery,7.9,4
897,2026-06-20,Email,Delivery,2.5,4
281,2026-06-21,Phone,Delivery,11.4,2
1217,2026-06-21,Email,Delivery,6.1,5
1349,2026-06-21,Email,Invoice,16.0,5
1263,2026-06-21,Email,Invoice,15.4,3
295,2026-06-21,WhatsApp,Return,14.0,5
1041,2026-06-22,WhatsApp,Delivery,13.1,4
549,2026-06-23,Email,Delivery,8.1,4
421,2026-06-23,Phone,Product,11.2,5
650,2026-06-23,Email,Delivery,9.7,2
1032,2026-06-24,WhatsApp,Delivery,19.9,5
818,2026-06-24,Email,Product,6.4,5
1462,2026-06-24,WhatsApp,Return,4.9,5
1297,2026-06-24,WhatsApp,Return,16.9,4
803,2026-06-24,WhatsApp,Invoice,11.1,5
1089,2026-06-25,Email,Invoice,7.5,5
1419,2026-06-25,WhatsApp,Product,8.8,5
1124,2026-06-25,Phone,Product,9.7,2
1104,2026-06-25,Phone,Product,10.4,4
1022,2026-06-25,Email,Delivery,26.7,2
771,2026-06-25,Email,Return,24.0,4
436,2026-06-26,Email,Delivery,23.2,3
1368,2026-06-26,Phone,Delivery,8.9,4
899,2026-06-26,Email,Delivery,17.1,2
537,2026-06-26,Phone,Invoice,17.3,4
357,2026-06-26,Email,Return,10.9,3
930,2026-06-26,WhatsApp,Delivery,7.6,4
1179,2026-06-26,WhatsApp,Delivery,13.5,5
611,2026-06-27,Email,Delivery,7.2,4
921,2026-06-28,Email,Return,29.0,4
327,2026-06-28,WhatsApp,Product,8.0,5
903,2026-06-29,Email,Delivery,33.5,5
1194,2026-06-29,WhatsApp,Product,1.5,4
402,2026-06-29,WhatsApp,Delivery,5.0,4
359,2026-06-29,Email,Invoice,12.6,5
364,2026-06-29,WhatsApp,Return,17.4,5
1413,2026-06-29,Phone,Product,32.2,4
1126,2026-06-30,WhatsApp,Delivery,6.1,4
925,2026-06-30,WhatsApp,Product,9.3,4
1195,2026-06-30,WhatsApp,Delivery,12.9,2
262,2026-06-30,WhatsApp,Invoice,16.3,4
1079,2026-06-30,Email,Invoice,17.8,4
1412,2026-06-30,WhatsApp,Delivery,28.3,4
1184,2026-06-30,WhatsApp,Invoice,8.2,5
1449,2026-07-02,WhatsApp,Return,14.8,1
488,2026-07-02,WhatsApp,Delivery,6.6,5
109,2026-07-02,WhatsApp,Delivery,11.4,1
1391,2026-07-02,WhatsApp,Product,12.6,4
1303,2026-07-03,Email,Delivery,14.3,4
1359,2026-07-03,Email,Product,6.0,2
381,2026-07-04,WhatsApp,Return,13.7,4
584,2026-07-04,WhatsApp,Delivery,5.9,4
917,2026-07-04,Email,Delivery,10.7,5
1405,2026-07-04,WhatsApp,Product,12.3,5
314,2026-07-04,WhatsApp,Return,31.3,4
140,2026-07-04,WhatsApp,Delivery,5.3,4
1294,2026-07-04,Email,Return,20.0,4
557,2026-07-04,WhatsApp,Return,17.5,5
1170,2026-07-05,WhatsApp,Delivery,9.3,4
1139,2026-07-05,Email,Delivery,25.7,5
250,2026-07-05,WhatsApp,Return,11.7,4
812,2026-07-05,Email,Return,6.6,4
1251,2026-07-05,WhatsApp,Product,18.1,4
392,2026-07-06,Phone,Invoice,8.9,4
144,2026-07-07,WhatsApp,Invoice,4.5,4
846,2026-07-07,Email,Return,38.1,3
1133,2026-07-07,Email,Delivery,5.2,5
349,2026-07-07,Phone,Product,27.3,4
853,2026-07-08,Email,Return,21.3,5
419,2026-07-08,Email,Return,3.3,4
148,2026-07-08,WhatsApp,Delivery,3.0,4
99,2026-07-08,Email,Return,3.4,4
653,2026-07-08,Phone,Invoice,8.1,5
679,2026-07-08,Phone,Product,10.7,4
965,2026-07-08,WhatsApp,Return,4.5,5
1128,2026-07-08,WhatsApp,Invoice,11.6,2
284,2026-07-09,WhatsApp,Invoice,15.9,1
4,2026-07-09,Email,Return,10.3,5
904,2026-07-09,Email,Invoice,8.5,2
1279,2026-07-10,Email,Product,7.6,3
1011,2026-07-10,Email,Return,0.2,4
1025,2026-07-10,WhatsApp,Invoice,4.0,5
83,2026-07-10,Email,Delivery,12.4,4
1073,2026-07-10,Email,Product,14.9,4
36,2026-07-10,Phone,Return,11.3,4
1134,2026-07-10,Email,Delivery,8.8,4
257,2026-07-11,Email,Invoice,5.9,4
892,2026-07-11,Email,Delivery,13.7,4
162,2026-07-11,Email,Invoice,17.4,3
568,2026-07-11,WhatsApp,Return,4.1,4
1088,2026-07-11,Email,Delivery,5.8,5
135,2026-07-12,Email,Delivery,6.9,5
707,2026-07-12,WhatsApp,Product,10.4,2
463,2026-07-12,WhatsApp,Product,2.2,2
1169,2026-07-12,Phone,Invoice,5.2,2
622,2026-07-12,WhatsApp,Delivery,33.1,4
1085,2026-07-13,Phone,Product,11.0,2
1338,2026-07-13,WhatsApp,Return,26.1,5
153,2026-07-13,WhatsApp,Delivery,10.1,5
1372,2026-07-14,WhatsApp,Delivery,16.6,2
157,2026-07-14,Email,Product,5.8,5
2,2026-07-14,Phone,Delivery,21.5,4
583,2026-07-15,Email,Return,4.3,5
1125,2026-07-15,Phone,Delivery,11.1,5
86,2026-07-15,Phone,Delivery,4.5,2
423,2026-07-16,Email,Product,9.7,5
415,2026-07-16,WhatsApp,Invoice,5.6,4
740,2026-07-16,WhatsApp,Delivery,7.5,5
989,2026-07-16,Email,Invoice,12.8,1
1016,2026-07-16,Email,Product,8.7,4
177,2026-07-17,WhatsApp,Delivery,25.6,5
23,2026-07-17,Email,Delivery,3.4,1
1258,2026-07-17,Email,Delivery,8.1,5
1186,2026-07-17,WhatsApp,Delivery,26.4,4
19,2026-07-17,Email,Product,3.2,4
782,2026-07-17,Email,Product,3.9,4
449,2026-07-17,WhatsApp,Invoice,16.4,4
154,2026-07-17,WhatsApp,Return,23.1,4
941,2026-07-18,WhatsApp,Invoice,7.5,4
432,2026-07-18,Phone,Delivery,2.1,3
339,2026-07-18,Email,Delivery,9.6,3
1039,2026-07-18,WhatsApp,Invoice,26.9,3
779,2026-07-18,Email,Delivery,5.7,5
267,2026-07-18,Phone,Delivery,8.9,4
143,2026-07-18,WhatsApp,Invoice,19.2,3
1313,2026-07-19,WhatsApp,Delivery,12.2,4
1409,2026-07-19,WhatsApp,Invoice,7.5,5
1326,2026-07-19,WhatsApp,Delivery,9.5,4
764,2026-07-19,WhatsApp,Delivery,6.7,4
1442,2026-07-19,WhatsApp,Delivery,8.6,4
1168,2026-07-20,WhatsApp,Delivery,5.5,5
528,2026-07-20,Email,Product,14.3,3
335,2026-07-20,Phone,Product,21.7,5
576,2026-07-21,Email,Product,7.7,4
663,2026-07-21,WhatsApp,Invoice,3.0,5
984,2026-07-21,Phone,Delivery,27.2,1
983,2026-07-21,WhatsApp,Invoice,18.9,4
209,2026-07-21,Phone,Invoice,17.9,1
317,2026-07-22,Email,Return,24.9,4
543,2026-07-23,WhatsApp,Product,7.4,2
1327,2026-07-23,WhatsApp,Invoice,8.5,4
1110,2026-07-23,Phone,Invoice,12.7,3
1123,2026-07-23,WhatsApp,Return,14.2,5
618,2026-07-24,WhatsApp,Product,37.3,5
1346,2026-07-24,Email,Invoice,6.4,4
1019,2026-07-25,WhatsApp,Return,15.6,4
1311,2026-07-25,WhatsApp,Invoice,19.8,4
986,2026-07-25,Email,Delivery,2.7,4
194,2026-07-25,WhatsApp,Delivery,26.8,5
1181,2026-07-25,Phone,Delivery,7.7,4
1453,2026-07-25,Phone,Delivery,7.8,5
388,2026-07-25,Email,Product,8.1,5
640,2026-07-26,Email,Product,10.0,4
75,2026-07-26,Phone,Delivery,1.7,5
770,2026-07-26,WhatsApp,Delivery,2.5,3
484,2026-07-26,Phone,Product,16.9,2
1154,2026-07-27,WhatsApp,Delivery,19.0,4
49,2026-07-27,Phone,Invoice,10.5,5
1422,2026-07-27,Email,Delivery,9.3,5
190,2026-07-27,WhatsApp,Delivery,12.7,5
664,2026-07-27,WhatsApp,Delivery,7.4,4
1369,2026-07-27,WhatsApp,Delivery,1.3,4
487,2026-07-27,Email,Delivery,8.8,5
416,2026-07-28,WhatsApp,Product,3.5,4
1207,2026-07-28,Email,Invoice,7.8,4
1238,2026-07-28,Email,Invoice,13.6,5
1300,2026-07-29,WhatsApp,Delivery,13.6,5
926,2026-07-30,Phone,Delivery,29.8,5
103,2026-07-30,Phone,Delivery,9.7,4
871,2026-07-30,WhatsApp,Delivery,11.1,3
878,2026-07-30,Email,Product,4.3,5
888,2026-07-30,Email,Delivery,8.1,2
752,2026-07-31,Email,Delivery,5.4,5
712,2026-07-31,Phone,Invoice,20.7,5
383,2026-07-31,Email,Invoice,11.6,1
74,2026-07-31,Email,Invoice,6.0,5
619,2026-07-31,Email,Delivery,5.7,2
946,2026-07-31,WhatsApp,Product,4.4,5
379,2026-08-01,Phone,Return,36.2,3
1473,2026-08-01,WhatsApp,Delivery,24.7,4
1115,2026-08-01,Email,Product,19.2,3
399,2026-08-01,WhatsApp,Delivery,44.9,4
885,2026-08-01,Email,Delivery,15.3,2
1276,2026-08-01,WhatsApp,Product,10.8,4
73,2026-08-02,WhatsApp,Delivery,7.3,3
964,2026-08-02,Email,Delivery,9.6,5
1378,2026-08-02,Email,Return,7.7,5
1061,2026-08-02,Email,Delivery,8.2,5
1129,2026-08-02,Email,Delivery,14.4,5
843,2026-08-02,Email,Delivery,30.6,4
1426,2026-08-02,WhatsApp,Product,5.6,5
916,2026-08-03,Email,Delivery,13.2,5
164,2026-08-03,WhatsApp,Delivery,14.9,3
1312,2026-08-03,WhatsApp,Delivery,23.8,3
210,2026-08-03,WhatsApp,Return,1.3,5
1332,2026-08-03,WhatsApp,Delivery,22.6,2
597,2026-08-03,WhatsApp,Invoice,11.2,4
1005,2026-08-04,WhatsApp,Invoice,16.7,4
1017,2026-08-04,Email,Return,14.4,4
106,2026-08-04,Email,Return,16.7,3
89,2026-08-05,WhatsApp,Delivery,38.2,5
931,2026-08-05,Email,Return,1.4,5
401,2026-08-05,WhatsApp,Return,6.8,4
1187,2026-08-06,Phone,Product,13.2,1
127,2026-08-06,WhatsApp,Invoice,9.8,4
616,2026-08-06,WhatsApp,Delivery,11.2,4
529,2026-08-06,WhatsApp,Delivery,11.0,5
731,2026-08-07,Email,Delivery,18.1,3
850,2026-08-07,Email,Delivery,13.5,2
479,2026-08-07,Email,Delivery,21.5,5
615,2026-08-07,Email,Return,14.3,5
192,2026-08-08,Email,Invoice,11.6,4
890,2026-08-08,WhatsApp,Invoice,41.5,5
1432,2026-08-09,Email,Return,8.3,3
701,2026-08-09,Email,Invoice,9.2,5
52,2026-08-10,WhatsApp,Invoice,10.0,5
1059,2026-08-10,WhatsApp,Invoice,10.1,4
1452,2026-08-10,Email,Delivery,8.9,5
753,2026-08-11,Email,Delivery,4.4,4
397,2026-08-11,WhatsApp,Product,6.4,5
158,2026-08-11,Email,Return,7.9,4
857,2026-08-11,WhatsApp,Product,29.1,3
1443,2026-08-11,WhatsApp,Product,8.6,5
896,2026-08-11,Email,Delivery,12.4,3
102,2026-08-12,WhatsApp,Invoice,11.4,5
790,2026-08-12,Email,Product,8.4,5
412,2026-08-12,Email,Delivery,7.7,5
1067,2026-08-12,Email,Product,12.3,5
1100,2026-08-12,Phone,Invoice,5.3,5
277,2026-08-12,Email,Product,5.8,5
806,2026-08-13,Email,Delivery,2.4,4
51,2026-08-13,Email,Product,17.6,5
1055,2026-08-13,WhatsApp,Delivery,20.3,5
893,2026-08-14,WhatsApp,Product,3.8,4
80,2026-08-14,Phone,Product,13.4,5
266,2026-08-14,WhatsApp,Invoice,15.9,5
285,2026-08-14,Email,Delivery,26.8,4
693,2026-08-14,Email,Delivery,1.9,3
211,2026-08-14,Email,Delivery,3.4,5
1165,2026-08-15,Phone,Delivery,3.9,5
476,2026-08-15,Email,Invoice,22.4,5
1222,2026-08-15,WhatsApp,Delivery,8.8,5
556,2026-08-15,WhatsApp,Product,8.9,3
474,2026-08-15,WhatsApp,Delivery,25.6,2
759,2026-08-16,Email,Return,19.9,5
434,2026-08-16,Email,Return,12.0,5
451,2026-08-16,Email,Invoice,34.0,4
1189,2026-08-16,WhatsApp,Product,5.0,4
1135,2026-08-16,Phone,Delivery,19.1,2
470,2026-08-16,WhatsApp,Delivery,17.6,4
1477,2026-08-17,WhatsApp,Product,14.8,4
1475,2026-08-17,WhatsApp,Product,6.0,4
223,2026-08-17,WhatsApp,Product,10.5,5
553,2026-08-18,Email,Delivery,51.3,3
1102,2026-08-18,Phone,Product,25.9,5
203,2026-08-18,WhatsApp,Delivery,2.5,5
607,2026-08-18,Email,Invoice,1.1,3
947,2026-08-19,Phone,Product,3.5,4
900,2026-08-19,Email,Invoice,29.7,5
587,2026-08-21,WhatsApp,Invoice,9.6,5
6,2026-08-21,WhatsApp,Delivery,25.6,4
155,2026-08-22,Email,Delivery,7.0,5
186,2026-08-22,WhatsApp,Return,2.0,4
1459,2026-08-22,WhatsApp,Delivery,7.2,4
504,2026-08-22,Email,Invoice,6.9,5
1191,2026-08-22,Phone,Delivery,17.8,5
1224,2026-08-23,Phone,Return,6.2,5
420,2026-08-23,Email,Return,7.2,5
92,2026-08-24,Email,Delivery,7.2,5
1465,2026-08-24,WhatsApp,Invoice,17.8,5
72,2026-08-24,Email,Invoice,32.3,3
71,2026-08-24,Phone,Delivery,1.5,5
353,2026-08-24,WhatsApp,Invoice,20.0,5
538,2026-08-24,WhatsApp,Return,21.3,4
517,2026-08-25,Email,Product,4.0,4
1221,2026-08-25,WhatsApp,Delivery,4.0,5
1259,2026-08-25,Email,Delivery,8.3,5
452,2026-08-26,WhatsApp,Return,33.7,2
978,2026-08-26,WhatsApp,Delivery,4.8,5
548,2026-08-26,Email,Product,4.3,5
456,2026-08-27,Email,Product,30.2,5
22,2026-08-27,WhatsApp,Return,3.3,3
1389,2026-08-28,WhatsApp,Delivery,3.9,4
714,2026-08-28,Email,Delivery,16.3,5
1220,2026-08-28,Email,Invoice,10.3,3
195,2026-08-29,Phone,Return,11.8,5
231,2026-08-29,Email,Invoice,25.9,5
1318,2026-08-30,WhatsApp,Invoice,8.4,5
1228,2026-08-30,Phone,Return,26.6,5
1410,2026-08-30,Email,Delivery,7.7,5
206,2026-08-30,WhatsApp,Invoice,19.0,5
1466,2026-08-30,Phone,Return,15.1,4
788,2026-08-31,WhatsApp,Return,12.9,5
911,2026-08-31,Email,Delivery,11.7,5
718,2026-08-31,Phone,Return,2.4,5
656,2026-09-01,Email,Invoice,17.8,4
682,2026-09-01,WhatsApp,Invoice,21.6,5
169,2026-09-01,WhatsApp,Delivery,21.3,5
1307,2026-09-01,WhatsApp,Delivery,5.5,5
1142,2026-09-01,WhatsApp,Delivery,2.1,5
809,2026-09-01,Email,Invoice,9.1,2
167,2026-09-02,WhatsApp,Return,13.2,5
366,2026-09-02,Email,Product,5.2,3
1119,2026-09-02,WhatsApp,Delivery,29.4,5
588,2026-09-02,WhatsApp,Delivery,10.2,2
1460,2026-09-03,Email,Return,5.7,3
932,2026-09-03,Email,Invoice,13.4,3
894,2026-09-03,WhatsApp,Delivery,6.0,5
751,2026-09-03,Email,Product,12.0,4
1057,2026-09-04,Email,Product,3.4,1
589,2026-09-04,Email,Product,4.5,5
299,2026-09-04,Phone,Delivery,11.5,5
382,2026-09-05,Phone,Delivery,6.7,5
323,2026-09-05,WhatsApp,Delivery,18.8,1
1253,2026-09-05,WhatsApp,Delivery,8.4,4
1358,2026-09-05,Email,Return,14.2,3
554,2026-09-06,Email,Invoice,13.5,5
151,2026-09-06,WhatsApp,Product,35.6,1
884,2026-09-06,Email,Delivery,22.9,5
995,2026-09-07,WhatsApp,Invoice,5.2,4
1324,2026-09-07,Email,Invoice,14.0,3
530,2026-09-07,Phone,Return,6.2,4
996,2026-09-08,Email,Product,11.8,5
68,2026-09-08,WhatsApp,Invoice,10.1,4
1103,2026-09-08,WhatsApp,Return,5.8,2
81,2026-09-08,WhatsApp,Delivery,26.0,1
360,2026-09-09,Phone,Product,19.6,5
1400,2026-09-09,WhatsApp,Return,9.5,5
1499,2026-09-10,Email,Delivery,7.9,4
868,2026-09-10,WhatsApp,Invoice,7.4,4
88,2026-09-10,Email,Delivery,4.7,5
955,2026-09-10,Phone,Invoice,8.4,2
1209,2026-09-11,Phone,Invoice,8.5,5
873,2026-09-11,WhatsApp,Delivery,25.3,4
443,2026-09-11,Email,Product,7.8,3
1002,2026-09-11,WhatsApp,Return,15.9,5
756,2026-09-12,WhatsApp,Delivery,5.4,5
1208,2026-09-12,WhatsApp,Return,2.7,3
1260,2026-09-12,WhatsApp,Invoice,6.9,3
819,2026-09-12,WhatsApp,Invoice,21.3,5
1374,2026-09-12,Phone,Delivery,9.1,5
957,2026-09-12,WhatsApp,Delivery,14.9,5
31,2026-09-13,Email,Return,8.4,4
48,2026-09-13,WhatsApp,Return,20.6,1
975,2026-09-13,Email,Invoice,29.3,5
347,2026-09-13,Email,Return,39.8,5
461,2026-09-13,Phone,Delivery,9.0,4
400,2026-09-13,Phone,Delivery,17.9,5
322,2026-09-14,Email,Product,8.3,5
689,2026-09-14,Phone,Invoice,12.4,5
101,2026-09-14,Phone,Invoice,11.3,4
1436,2026-09-14,WhatsApp,Delivery,9.3,3
784,2026-09-14,Email,Invoice,3.8,5
337,2026-09-14,Email,Product,5.9,2
861,2026-09-14,Phone,Delivery,7.2,4
688,2026-09-14,Email,Invoice,3.3,4
550,2026-09-14,Email,Invoice,8.4,4
1360,2026-09-14,WhatsApp,Invoice,8.7,5
501,2026-09-14,WhatsApp,Delivery,12.6,4
739,2026-09-14,WhatsApp,Delivery,23.0,5
914,2026-09-14,Email,Product,15.6,5
646,2026-09-15,WhatsApp,Invoice,3.9,4
1000,2026-09-15,Email,Delivery,14.8,4
329,2026-09-15,WhatsApp,Delivery,4.5,2
1242,2026-09-15,Email,Delivery,8.9,2
797,2026-09-15,WhatsApp,Delivery,11.1,4
1210,2026-09-16,Email,Invoice,6.4,3
999,2026-09-16,Email,Return,9.6,4
1470,2026-09-16,Email,Return,17.9,3
776,2026-09-16,Email,Invoice,8.6,2
1416,2026-09-17,Phone,Delivery,10.6,4
269,2026-09-17,Email,Return,16.1,5
1498,2026-09-17,Email,Invoice,4.2,4
1114,2026-09-17,Email,Delivery,3.9,5
84,2026-09-18,WhatsApp,Invoice,13.7,5
1219,2026-09-18,WhatsApp,Invoice,15.2,5
772,2026-09-18,Phone,Delivery,13.3,5
495,2026-09-19,WhatsApp,Delivery,2.8,4
755,2026-09-19,Email,Product,9.6,4
545,2026-09-19,WhatsApp,Delivery,10.0,2
525,2026-09-19,Email,Delivery,7.1,5
960,2026-09-19,WhatsApp,Delivery,11.7,3
993,2026-09-20,WhatsApp,Delivery,16.0,5
213,2026-09-20,WhatsApp,Delivery,7.2,5
1455,2026-09-20,WhatsApp,Return,12.7,5
882,2026-09-20,Email,Delivery,8.9,5
239,2026-09-20,WhatsApp,Return,37.3,5
207,2026-09-20,Phone,Delivery,10.3,5
566,2026-09-20,Email,Product,12.7,4
332,2026-09-20,WhatsApp,Delivery,6.3,4
1299,2026-09-20,Email,Invoice,8.0,2
1214,2026-09-20,Phone,Return,5.3,5
57,2026-09-20,WhatsApp,Invoice,10.8,5
458,2026-09-20,WhatsApp,Delivery,21.6,4
617,2026-09-21,Email,Product,8.5,5
15,2026-09-21,Email,Delivery,1.9,4
1306,2026-09-21,Phone,Invoice,26.2,4
373,2026-09-21,WhatsApp,Delivery,10.8,4
459,2026-09-21,Phone,Product,13.3,2
967,2026-09-22,WhatsApp,Invoice,2.6,2
1377,2026-09-22,WhatsApp,Return,7.8,5
441,2026-09-22,Email,Invoice,20.9,5
1040,2026-09-22,Phone,Delivery,7.8,2
928,2026-09-22,Email,Invoice,7.0,1
215,2026-09-23,WhatsApp,Delivery,19.3,5
822,2026-09-23,Email,Delivery,15.4,5
977,2026-09-23,Email,Delivery,6.6,4
1354,2026-09-23,Phone,Delivery,13.0,5
1097,2026-09-23,WhatsApp,Return,9.4,5
1330,2026-09-24,Email,Delivery,3.5,5
976,2026-09-24,Email,Delivery,19.5,2
863,2026-09-24,WhatsApp,Delivery,17.1,4
1428,2026-09-24,Phone,Delivery,3.6,5
116,2026-09-26,Phone,Delivery,7.0,3
214,2026-09-26,Phone,Delivery,5.4,5
594,2026-09-26,Email,Product,6.2,5
1127,2026-09-26,WhatsApp,Product,14.0,2
599,2026-09-27,WhatsApp,Return,3.4,2
612,2026-09-27,WhatsApp,Delivery,2.3,3
387,2026-09-27,WhatsApp,Invoice,18.6,4
724,2026-09-28,WhatsApp,Delivery,15.8,4
1249,2026-09-28,Email,Invoice,4.5,5
1212,2026-09-29,WhatsApp,Product,15.4,4
291,2026-09-29,Email,Return,21.7,4
987,2026-09-30,WhatsApp,Return,11.3,5
1201,2026-09-30,WhatsApp,Delivery,10.8,5
1266,2026-09-30,Email,Return,5.1,4
147,2026-09-30,Email,Return,8.0,1
1431,2026-09-30,WhatsApp,Delivery,9.9,5
1438,2026-09-30,Email,Delivery,2.1,5
196,2026-09-30,Email,Product,31.4,5
949,2026-09-30,Email,Return,5.0,1
